{
  "best_params": {
    "max_depth": 5,
    "eta": 0.1,
    "subsample": 0.8,
    "colsample_bytree": 0.8,
    "objective": "binary:logistic",
    "eval_metric": "auc",
    "num_boost_round": 200
  },
  "val_auc": 0.9638430397686645,
  "val_f1": 0.9590302087384934,
  "val_precision": 0.955437871351072,
  "val_recall": 0.9626496616345653,
  "val_accuracy": 0.9264603211542937,
  "val_mcc": 0.6008004867292156,
  "val_balanced_accuracy": 0.7917643912568431,
  "test_auc": 0.9631352231085024,
  "test_f1": 0.9582739406505119,
  "test_precision": 0.9541935483870968,
  "test_recall": 0.9623893805309734,
  "test_accuracy": 0.9250683576706032,
  "test_mcc": 0.5919073066866885,
  "test_balanced_accuracy": 0.7862468594033231,
  "decision_threshold": 0.49999999999999994
}