{
    "apr": {
        "mean": 548.7709576906954,
        "std": 110.28189787905791
    },
    "nPaidOff": {
        "mean": 0.09127410161739419,
        "std": 0.5416527331777883
    },
    "loanAmount": {
        "mean": 530.2074154114822,
        "std": 360.93740400493664
    },
    "originallyScheduledPaymentAmount": {
        "mean": 1483.8502738773523,
        "std": 997.0762255276596
    }
}